Time,total_fraction_lambda_NBR_CELL
0,-nan
0.25,-nan
0.5,-nan
0.75,-nan
1,-nan
1.25,-nan
1.5,-nan
1.75,-nan
2,0
2.25,-nan
2.5,-nan
2.75,-nan
3,0
3.25,-nan
3.5,-nan
3.75,-nan
4,-nan
4.25,-nan
4.5,-nan
4.75,0
5,-nan
5.25,-nan
5.5,-nan
5.75,-nan
6,0
6.25,-nan
6.5,-nan
6.75,0
7,-nan
7.25,-nan
7.5,-nan
7.75,-nan
8,0
8.25,0
8.5,0
8.75,0
9,0
9.25,0
9.5,0
9.75,0
10,0
10.25,0
10.5,0
10.75,0
11,0
11.25,0
11.5,0
11.75,0
12,0
12.25,0
12.5,0
12.75,0
13,0
13.25,0
13.5,0
13.75,0
14,0
14.25,0
14.5,0
14.75,0
15,0
15.25,0
15.5,0
15.75,0
16,0
16.25,0
16.5,0
16.75,0
17,0
17.25,0
17.5,0
17.75,0
18,0
18.25,0
18.5,0
18.75,0
19,0
19.25,0
19.5,0
19.75,0
20,0
20.25,0
20.5,0
20.75,0
21,0
21.25,0
21.5,0
21.75,0
22,0
22.25,0
22.5,0
22.75,0
23,0
23.25,0
23.5,0
23.75,0
24,0
24.25,0
24.5,0
24.75,0
25,0
25.25,0
25.5,0
25.75,0
26,0
26.25,0
26.5,0
26.75,0
27,0
27.25,0
27.5,0
27.75,0
28,0
28.25,0
28.5,0
28.75,0
29,0
29.25,0
29.5,0
29.75,0
30,0
30.25,0
30.5,0
30.75,0
31,0
31.25,0
31.5,0
31.75,0
32,0
32.25,0
32.5,0
32.75,0
33,0
33.25,0
33.5,0
33.75,0
34,0
34.25,0
34.5,0
34.75,0
35,0
35.25,0
35.5,0
35.75,0
36,0
36.25,0
36.5,0
36.75,0
37,0
37.25,0
37.5,0
37.75,0
38,0
38.25,0
38.5,0
38.75,0
39,0
39.25,0
39.5,0
39.75,0
40,0
40.25,0
40.5,0
40.75,0
41,0
41.25,0
41.5,0
41.75,0
42,0
42.25,0
42.5,0
42.75,0
43,0
43.25,0
43.5,0
43.75,0
44,0
44.25,0
44.5,0
44.75,0
45,0
45.25,0
45.5,0
45.75,0
46,0
46.25,0
46.5,0
46.75,0
47,0
47.25,0
47.5,0
47.75,0
48,0
48.25,0
48.5,0
48.75,0
49,0
49.25,0
49.5,0
49.75,0
50,0
50.25,0
50.5,0
50.75,0
51,0
51.25,0
51.5,0
51.75,0
52,0
52.25,0
52.5,0
52.75,0
53,0
53.25,0
53.5,0
53.75,0
54,0
54.25,0
54.5,0
54.75,0
55,0
55.25,0
55.5,0
55.75,0
56,0
56.25,0
56.5,0
56.75,0
57,0
57.25,0
57.5,0
57.75,0
58,0
58.25,0
58.5,0
58.75,0
59,0
59.25,0
59.5,0
59.75,0
60,0
60.25,0
60.5,0
60.75,0
61,0
61.25,0
61.5,0
61.75,0
62,0
62.25,0
62.5,0
62.75,0
63,0
63.25,0
63.5,0
63.75,0
64,0
64.25,0
64.5,0
64.75,0
65,0
65.25,0
65.5,0
65.75,0
66,0
66.25,0
66.5,0
66.75,0
67,0
67.25,0
67.5,0
67.75,0
68,0
68.25,0
68.5,0
68.75,0
69,0
69.25,0
69.5,0
69.75,0
70,0
70.25,0
70.5,0
70.75,0
71,0
71.25,0
71.5,0
71.75,0
72,0
72.25,0
72.5,0
72.75,0
73,0
73.25,0
73.5,0
73.75,0
74,0
74.25,0
74.5,0
74.75,0
75,0
75.25,0
75.5,0
75.75,0
76,0
76.25,0
76.5,0
76.75,0
77,0
77.25,0
77.5,0
77.75,0
78,0
78.25,0
78.5,0
78.75,0
79,0
79.25,0
79.5,0
79.75,0
80,0
80.25,0
80.5,0
80.75,0
81,-nan
81.25,0
81.5,-nan
81.75,0
82,0
82.25,0
82.5,0
82.75,0
83,0
83.25,0
83.5,-nan
83.75,0
84,0
84.25,-nan
84.5,0
84.75,-nan
85,-nan
85.25,0
85.5,0
85.75,0
86,0
86.25,0
86.5,-nan
86.75,0
87,-nan
87.25,0
87.5,0
87.75,0
88,0
88.25,0
88.5,-nan
88.75,0
89,0
89.25,-nan
89.5,-nan
89.75,0
90,0
90.25,-nan
90.5,-nan
90.75,-nan
91,-nan
91.25,0
91.5,-nan
91.75,0
92,-nan
92.25,-nan
92.5,-nan
92.75,0
93,-nan
93.25,0
93.5,-nan
93.75,0
94,0
94.25,-nan
94.5,0
94.75,0
95,-nan
95.25,-nan
95.5,-nan
95.75,-nan
96,-nan
96.25,-nan
96.5,-nan
96.75,-nan
97,0
97.25,-nan
97.5,-nan
97.75,0
98,0
98.25,0
98.5,-nan
98.75,-nan
99,0
99.25,-nan
99.5,-nan
99.75,-nan
100,-nan
100.25,-nan
100.5,-nan
100.75,-nan
101,-nan
101.25,-nan
101.5,0
101.75,-nan
102,-nan
102.25,-nan
102.5,-nan
102.75,-nan
103,-nan
103.25,-nan
103.5,-nan
103.75,-nan
104,-nan
104.25,-nan
104.5,-nan
104.75,-nan
105,-nan
105.25,-nan
105.5,-nan
105.75,-nan
106,-nan
106.25,-nan
106.5,-nan
106.75,-nan
107,-nan
107.25,-nan
107.5,-nan
107.75,-nan
108,-nan
108.25,-nan
108.5,-nan
108.75,-nan
109,-nan
109.25,-nan
109.5,-nan
109.75,-nan
110,-nan
110.25,-nan
110.5,-nan
110.75,-nan
111,-nan
111.25,-nan
111.5,-nan
111.75,-nan
112,-nan
112.25,-nan
112.5,-nan
112.75,-nan
113,-nan
113.25,-nan
113.5,-nan
113.75,-nan
114,-nan
114.25,-nan
114.5,-nan
114.75,-nan
115,-nan
115.25,-nan
115.5,-nan
115.75,-nan
116,-nan
116.25,-nan
116.5,-nan
116.75,-nan
117,-nan
117.25,-nan
117.5,-nan
117.75,-nan
118,-nan
118.25,-nan
118.5,-nan
118.75,-nan
119,-nan
119.25,-nan
119.5,-nan
119.75,-nan
120,-nan
120.25,-nan
120.5,-nan
120.75,-nan
121,-nan
121.25,-nan
121.5,-nan
121.75,-nan
122,-nan
122.25,-nan
122.5,-nan
122.75,-nan
123,-nan
123.25,-nan
123.5,-nan
123.75,-nan
124,-nan
124.25,-nan
124.5,-nan
124.75,-nan
125,-nan
125.25,-nan
125.5,-nan
125.75,-nan
126,-nan
126.25,-nan
126.5,-nan
126.75,-nan
127,-nan
127.25,-nan
127.5,-nan
127.75,-nan
128,-nan
128.25,-nan
128.5,-nan
128.75,-nan
129,-nan
129.25,-nan
129.5,-nan
129.75,-nan
130,-nan
130.25,-nan
130.5,-nan
130.75,-nan
131,-nan
131.25,-nan
131.5,-nan
131.75,-nan
132,-nan
132.25,-nan
132.5,-nan
132.75,-nan
133,-nan
133.25,-nan
133.5,-nan
133.75,-nan
134,-nan
134.25,-nan
134.5,-nan
134.75,-nan
135,-nan
135.25,-nan
135.5,-nan
135.75,-nan
136,-nan
136.25,-nan
136.5,-nan
136.75,-nan
137,-nan
137.25,-nan
137.5,-nan
137.75,-nan
138,-nan
138.25,-nan
138.5,-nan
138.75,-nan
139,-nan
139.25,-nan
139.5,-nan
139.75,-nan
140,-nan
140.25,-nan
140.5,-nan
140.75,-nan
141,-nan
141.25,-nan
141.5,-nan
141.75,-nan
142,-nan
142.25,-nan
142.5,-nan
142.75,-nan
143,-nan
143.25,-nan
143.5,-nan
143.75,-nan
144,-nan
144.25,-nan
144.5,-nan
144.75,-nan
145,-nan
145.25,-nan
145.5,-nan
145.75,-nan
146,-nan
146.25,-nan
146.5,-nan
146.75,-nan
147,-nan
147.25,-nan
147.5,-nan
147.75,-nan
148,-nan
148.25,-nan
148.5,-nan
148.75,-nan
149,-nan
149.25,-nan
149.5,-nan
149.75,-nan
150,-nan
150.25,-nan
150.5,-nan
150.75,-nan
151,-nan
151.25,-nan
151.5,-nan
151.75,-nan
152,-nan
152.25,-nan
152.5,-nan
152.75,-nan
153,-nan
153.25,-nan
153.5,-nan
153.75,-nan
154,-nan
154.25,-nan
154.5,-nan
154.75,-nan
155,-nan
155.25,-nan
155.5,-nan
155.75,-nan
156,-nan
156.25,-nan
156.5,-nan
156.75,-nan
157,-nan
157.25,-nan
157.5,-nan
157.75,-nan
158,-nan
158.25,-nan
158.5,-nan
158.75,-nan
159,-nan
159.25,-nan
159.5,-nan
159.75,-nan
160,-nan
160.25,-nan
160.5,-nan
160.75,-nan
161,-nan
161.25,-nan
161.5,-nan
161.75,-nan
162,-nan
162.25,-nan
162.5,-nan
162.75,-nan
163,-nan
163.25,-nan
163.5,-nan
163.75,-nan
164,-nan
164.25,-nan
164.5,-nan
164.75,-nan
165,-nan
165.25,-nan
165.5,-nan
165.75,-nan
166,-nan
166.25,-nan
166.5,-nan
166.75,-nan
167,-nan
167.25,-nan
167.5,-nan
167.75,-nan
168,-nan
168.25,-nan
168.5,-nan
168.75,-nan
169,-nan
169.25,-nan
169.5,-nan
169.75,-nan
170,-nan
170.25,-nan
170.5,-nan
170.75,-nan
171,-nan
171.25,-nan
171.5,-nan
171.75,-nan
172,-nan
172.25,-nan
172.5,-nan
172.75,-nan
173,-nan
173.25,-nan
173.5,-nan
173.75,-nan
174,-nan
174.25,-nan
174.5,-nan
174.75,-nan
175,-nan
175.25,-nan
175.5,-nan
175.75,-nan
176,-nan
176.25,-nan
176.5,-nan
176.75,-nan
177,-nan
177.25,-nan
177.5,-nan
177.75,-nan
178,-nan
178.25,-nan
178.5,-nan
178.75,-nan
179,-nan
179.25,-nan
179.5,-nan
179.75,-nan
180,-nan
180.25,-nan
180.5,-nan
180.75,-nan
181,-nan
181.25,-nan
181.5,-nan
181.75,-nan
182,-nan
182.25,-nan
182.5,-nan
182.75,-nan
183,-nan
183.25,-nan
183.5,-nan
183.75,-nan
184,-nan
184.25,-nan
184.5,-nan
184.75,-nan
185,-nan
185.25,-nan
185.5,-nan
185.75,-nan
186,-nan
186.25,-nan
186.5,-nan
186.75,-nan
187,-nan
187.25,-nan
187.5,-nan
187.75,-nan
188,-nan
188.25,-nan
188.5,-nan
188.75,-nan
189,-nan
189.25,-nan
189.5,-nan
189.75,-nan
190,-nan
190.25,-nan
190.5,-nan
190.75,-nan
191,-nan
191.25,-nan
191.5,-nan
191.75,-nan
192,-nan
192.25,-nan
192.5,-nan
192.75,-nan
193,-nan
193.25,-nan
193.5,-nan
193.75,-nan
194,-nan
194.25,-nan
194.5,-nan
194.75,-nan
195,-nan
195.25,-nan
195.5,-nan
195.75,-nan
196,-nan
196.25,-nan
196.5,-nan
196.75,-nan
197,-nan
197.25,-nan
197.5,-nan
197.75,-nan
198,-nan
198.25,-nan
198.5,-nan
198.75,-nan
199,-nan
199.25,-nan
199.5,-nan
199.75,-nan
200,-nan
200.25,-nan
200.5,-nan
200.75,-nan
201,-nan
201.25,-nan
201.5,-nan
201.75,-nan
202,-nan
202.25,-nan
202.5,-nan
202.75,-nan
203,-nan
203.25,-nan
203.5,-nan
203.75,-nan
204,-nan
204.25,-nan
204.5,-nan
204.75,-nan
205,-nan
205.25,-nan
205.5,-nan
205.75,-nan
206,-nan
206.25,-nan
206.5,-nan
206.75,-nan
207,-nan
207.25,-nan
207.5,-nan
207.75,-nan
208,-nan
208.25,-nan
208.5,-nan
208.75,-nan
209,-nan
209.25,-nan
209.5,-nan
209.75,-nan
210,-nan
210.25,-nan
210.5,-nan
210.75,-nan
211,-nan
211.25,-nan
211.5,-nan
211.75,-nan
212,-nan
212.25,-nan
212.5,-nan
212.75,-nan
213,-nan
213.25,-nan
213.5,-nan
213.75,-nan
214,-nan
214.25,-nan
214.5,-nan
214.75,-nan
215,-nan
215.25,-nan
215.5,-nan
215.75,-nan
216,-nan
216.25,-nan
216.5,-nan
216.75,-nan
217,-nan
217.25,-nan
217.5,-nan
217.75,-nan
218,-nan
218.25,-nan
218.5,-nan
218.75,-nan
219,-nan
219.25,-nan
219.5,-nan
219.75,-nan
220,-nan
220.25,-nan
220.5,-nan
220.75,-nan
221,-nan
221.25,-nan
221.5,-nan
221.75,-nan
222,-nan
222.25,-nan
222.5,-nan
222.75,-nan
223,-nan
223.25,-nan
223.5,-nan
223.75,-nan
224,-nan
224.25,-nan
224.5,-nan
224.75,-nan
225,-nan
225.25,-nan
225.5,-nan
225.75,-nan
226,-nan
226.25,-nan
226.5,-nan
226.75,-nan
227,-nan
227.25,-nan
227.5,-nan
227.75,-nan
228,-nan
228.25,-nan
228.5,-nan
228.75,-nan
229,-nan
229.25,-nan
229.5,-nan
229.75,-nan
230,-nan
230.25,-nan
230.5,-nan
230.75,-nan
231,-nan
231.25,-nan
231.5,-nan
231.75,-nan
232,-nan
232.25,-nan
232.5,-nan
232.75,-nan
233,-nan
233.25,-nan
233.5,-nan
233.75,-nan
234,-nan
234.25,-nan
234.5,-nan
234.75,-nan
235,-nan
235.25,-nan
235.5,-nan
235.75,-nan
236,-nan
236.25,-nan
236.5,-nan
236.75,-nan
237,-nan
237.25,-nan
237.5,-nan
237.75,-nan
238,-nan
238.25,-nan
238.5,-nan
238.75,-nan
239,-nan
239.25,-nan
239.5,-nan
239.75,-nan
240,-nan
240.25,-nan
240.5,-nan
240.75,-nan
241,-nan
241.25,-nan
241.5,-nan
241.75,-nan
242,-nan
242.25,-nan
242.5,-nan
242.75,-nan
243,-nan
243.25,-nan
243.5,-nan
243.75,-nan
244,-nan
244.25,-nan
244.5,-nan
244.75,-nan
245,-nan
245.25,-nan
245.5,-nan
245.75,-nan
246,-nan
246.25,-nan
246.5,-nan
246.75,-nan
247,-nan
247.25,-nan
247.5,-nan
247.75,-nan
248,-nan
248.25,-nan
248.5,-nan
248.75,-nan
249,-nan
249.25,-nan
249.5,-nan
249.75,-nan
250,-nan
250.25,-nan
250.5,-nan
250.75,-nan
251,-nan
251.25,-nan
251.5,-nan
251.75,-nan
252,-nan
252.25,-nan
252.5,-nan
252.75,-nan
253,-nan
253.25,-nan
253.5,-nan
253.75,-nan
254,-nan
254.25,-nan
254.5,-nan
254.75,-nan
255,-nan
255.25,-nan
255.5,-nan
255.75,-nan
256,-nan
256.25,-nan
256.5,-nan
256.75,-nan
257,-nan
257.25,-nan
257.5,-nan
257.75,-nan
258,-nan
258.25,-nan
258.5,-nan
258.75,-nan
259,-nan
259.25,-nan
259.5,-nan
259.75,-nan
260,-nan
260.25,-nan
260.5,-nan
260.75,-nan
261,-nan
261.25,-nan
261.5,-nan
261.75,-nan
262,-nan
262.25,-nan
262.5,-nan
262.75,-nan
263,-nan
263.25,-nan
263.5,-nan
263.75,-nan
264,-nan
264.25,-nan
264.5,-nan
264.75,-nan
265,-nan
265.25,-nan
265.5,-nan
265.75,-nan
266,-nan
266.25,-nan
266.5,-nan
266.75,-nan
267,-nan
267.25,-nan
267.5,-nan
267.75,-nan
268,-nan
268.25,-nan
268.5,-nan
268.75,-nan
269,-nan
269.25,-nan
269.5,-nan
269.75,-nan
270,-nan
270.25,-nan
270.5,-nan
270.75,-nan
271,-nan
271.25,-nan
271.5,-nan
271.75,-nan
272,-nan
272.25,-nan
272.5,-nan
272.75,-nan
273,-nan
273.25,-nan
273.5,-nan
273.75,-nan
274,-nan
274.25,-nan
274.5,-nan
274.75,-nan
275,-nan
275.25,-nan
275.5,-nan
275.75,-nan
276,-nan
276.25,-nan
276.5,-nan
276.75,-nan
277,-nan
277.25,-nan
277.5,-nan
277.75,-nan
278,-nan
278.25,-nan
278.5,-nan
278.75,-nan
279,-nan
279.25,-nan
279.5,-nan
279.75,-nan
280,-nan
280.25,-nan
280.5,-nan
280.75,-nan
281,-nan
281.25,-nan
281.5,-nan
281.75,-nan
282,-nan
282.25,-nan
282.5,-nan
282.75,-nan
283,-nan
283.25,-nan
283.5,-nan
283.75,-nan
284,-nan
284.25,-nan
284.5,-nan
284.75,-nan
285,-nan
285.25,-nan
285.5,-nan
285.75,-nan
286,-nan
286.25,-nan
286.5,-nan
286.75,-nan
287,-nan
287.25,-nan
287.5,-nan
287.75,-nan
288,-nan
288.25,-nan
288.5,-nan
288.75,-nan
289,-nan
289.25,-nan
289.5,-nan
289.75,-nan
290,-nan
290.25,-nan
290.5,-nan
290.75,-nan
291,-nan
291.25,-nan
291.5,-nan
291.75,-nan
292,-nan
292.25,-nan
292.5,-nan
292.75,-nan
293,-nan
293.25,-nan
293.5,-nan
293.75,-nan
294,-nan
294.25,-nan
294.5,-nan
294.75,-nan
295,-nan
295.25,-nan
295.5,-nan
295.75,-nan
296,-nan
296.25,-nan
296.5,-nan
296.75,-nan
297,-nan
297.25,-nan
297.5,-nan
297.75,-nan
298,-nan
298.25,-nan
298.5,-nan
298.75,-nan
299,-nan
299.25,-nan
299.5,-nan
299.75,-nan
300,-nan
300.25,-nan
300.5,-nan
300.75,-nan
301,-nan
301.25,-nan
301.5,-nan
301.75,-nan
302,-nan
302.25,-nan
302.5,-nan
302.75,-nan
303,-nan
303.25,-nan
303.5,-nan
303.75,-nan
304,-nan
304.25,-nan
304.5,-nan
304.75,-nan
305,-nan
305.25,-nan
305.5,-nan
305.75,-nan
306,-nan
306.25,-nan
306.5,-nan
306.75,-nan
307,-nan
307.25,-nan
307.5,-nan
307.75,-nan
308,-nan
308.25,-nan
308.5,-nan
308.75,-nan
309,-nan
309.25,-nan
309.5,-nan
309.75,-nan
310,-nan
310.25,-nan
310.5,-nan
310.75,-nan
311,-nan
311.25,-nan
311.5,-nan
311.75,-nan
312,-nan
312.25,-nan
312.5,-nan
312.75,-nan
313,-nan
313.25,-nan
313.5,-nan
313.75,-nan
314,-nan
314.25,-nan
314.5,-nan
314.75,-nan
315,-nan
315.25,-nan
315.5,-nan
315.75,-nan
316,-nan
316.25,-nan
316.5,-nan
316.75,-nan
317,-nan
317.25,-nan
317.5,-nan
317.75,-nan
318,-nan
318.25,-nan
318.5,-nan
318.75,-nan
319,-nan
319.25,-nan
319.5,-nan
319.75,-nan
320,-nan
320.25,-nan
320.5,-nan
320.75,-nan
321,-nan
321.25,-nan
321.5,-nan
321.75,-nan
322,-nan
322.25,-nan
322.5,-nan
322.75,-nan
323,-nan
323.25,-nan
323.5,-nan
323.75,-nan
324,-nan
324.25,-nan
324.5,-nan
324.75,-nan
325,-nan
325.25,-nan
325.5,-nan
325.75,-nan
326,-nan
326.25,-nan
326.5,-nan
326.75,-nan
327,-nan
327.25,-nan
327.5,-nan
327.75,-nan
328,-nan
328.25,-nan
328.5,-nan
328.75,-nan
329,-nan
329.25,-nan
329.5,-nan
329.75,-nan
330,-nan
330.25,-nan
330.5,-nan
330.75,-nan
331,-nan
331.25,-nan
331.5,-nan
331.75,-nan
332,-nan
332.25,-nan
332.5,-nan
332.75,-nan
333,-nan
333.25,-nan
333.5,-nan
333.75,-nan
334,-nan
334.25,-nan
334.5,-nan
334.75,-nan
335,-nan
335.25,-nan
335.5,-nan
335.75,-nan
336,-nan
336.25,-nan
336.5,-nan
336.75,-nan
337,-nan
337.25,-nan
337.5,-nan
337.75,-nan
338,-nan
338.25,-nan
338.5,-nan
338.75,-nan
339,-nan
339.25,-nan
339.5,-nan
339.75,-nan
340,-nan
340.25,-nan
340.5,-nan
340.75,-nan
341,-nan
341.25,-nan
341.5,-nan
341.75,-nan
342,-nan
342.25,-nan
342.5,-nan
342.75,-nan
343,-nan
343.25,-nan
343.5,-nan
343.75,-nan
344,-nan
344.25,-nan
344.5,-nan
344.75,-nan
345,-nan
345.25,-nan
345.5,-nan
345.75,-nan
346,-nan
346.25,-nan
346.5,-nan
346.75,-nan
347,-nan
347.25,-nan
347.5,-nan
347.75,-nan
348,-nan
348.25,-nan
348.5,-nan
348.75,-nan
349,-nan
349.25,-nan
349.5,-nan
349.75,-nan
350,-nan
350.25,-nan
350.5,-nan
350.75,-nan
351,-nan
351.25,-nan
351.5,-nan
351.75,-nan
352,-nan
352.25,-nan
352.5,-nan
352.75,-nan
353,-nan
353.25,-nan
353.5,-nan
353.75,-nan
354,-nan
354.25,-nan
354.5,-nan
354.75,-nan
355,-nan
355.25,-nan
355.5,-nan
355.75,-nan
356,-nan
356.25,-nan
356.5,-nan
356.75,-nan
357,-nan
357.25,-nan
357.5,-nan
357.75,-nan
358,-nan
358.25,-nan
358.5,-nan
358.75,-nan
359,-nan
359.25,-nan
359.5,-nan
359.75,-nan
360,-nan
360.25,-nan
360.5,-nan
360.75,-nan
361,-nan
361.25,-nan
361.5,-nan
361.75,-nan
362,-nan
362.25,-nan
362.5,-nan
362.75,-nan
363,-nan
363.25,-nan
363.5,-nan
363.75,-nan
364,-nan
364.25,-nan
364.5,-nan
364.75,-nan
365,-nan
365.25,-nan
365.5,-nan
365.75,-nan
366,-nan
366.25,-nan
366.5,-nan
366.75,-nan
367,-nan
367.25,-nan
367.5,-nan
367.75,-nan
368,-nan
368.25,-nan
368.5,-nan
368.75,-nan
369,-nan
369.25,-nan
369.5,-nan
369.75,-nan
370,-nan
370.25,-nan
370.5,-nan
370.75,-nan
371,-nan
371.25,-nan
371.5,-nan
371.75,-nan
372,-nan
372.25,-nan
372.5,-nan
372.75,-nan
373,-nan
373.25,-nan
373.5,-nan
373.75,-nan
374,-nan
374.25,-nan
374.5,-nan
374.75,-nan
375,-nan
375.25,-nan
375.5,-nan
375.75,-nan
376,-nan
376.25,-nan
376.5,-nan
376.75,-nan
377,-nan
377.25,-nan
377.5,-nan
377.75,-nan
378,-nan
378.25,-nan
378.5,-nan
378.75,-nan
379,-nan
379.25,-nan
379.5,-nan
379.75,-nan
380,-nan
380.25,-nan
380.5,-nan
380.75,-nan
381,-nan
381.25,-nan
381.5,-nan
381.75,-nan
382,-nan
382.25,-nan
382.5,-nan
382.75,-nan
383,-nan
383.25,-nan
383.5,-nan
383.75,-nan
384,-nan
384.25,-nan
384.5,-nan
384.75,-nan
385,-nan
385.25,-nan
385.5,-nan
385.75,-nan
386,-nan
386.25,-nan
386.5,-nan
386.75,-nan
387,-nan
387.25,-nan
387.5,-nan
387.75,-nan
388,-nan
388.25,-nan
388.5,-nan
388.75,-nan
389,-nan
389.25,-nan
389.5,-nan
389.75,-nan
390,-nan
390.25,-nan
390.5,-nan
390.75,-nan
391,-nan
391.25,-nan
391.5,-nan
391.75,-nan
392,-nan
392.25,-nan
392.5,-nan
392.75,-nan
393,-nan
393.25,-nan
393.5,-nan
393.75,-nan
394,-nan
394.25,-nan
394.5,-nan
394.75,-nan
395,-nan
395.25,-nan
395.5,-nan
395.75,-nan
396,-nan
396.25,-nan
396.5,-nan
396.75,-nan
397,-nan
397.25,-nan
397.5,-nan
397.75,-nan
398,-nan
398.25,-nan
398.5,-nan
398.75,-nan
399,-nan
399.25,-nan
399.5,-nan
399.75,-nan
400,-nan
400.25,-nan
400.5,-nan
400.75,-nan
401,-nan
401.25,-nan
401.5,-nan
401.75,-nan
402,-nan
402.25,-nan
402.5,-nan
402.75,-nan
403,-nan
403.25,-nan
403.5,-nan
403.75,-nan
404,-nan
404.25,-nan
404.5,-nan
404.75,-nan
405,-nan
405.25,-nan
405.5,-nan
405.75,-nan
406,-nan
406.25,-nan
406.5,-nan
406.75,-nan
407,-nan
407.25,-nan
407.5,-nan
407.75,-nan
408,-nan
408.25,-nan
408.5,-nan
408.75,-nan
409,-nan
409.25,-nan
409.5,-nan
409.75,-nan
410,-nan
410.25,-nan
410.5,-nan
410.75,-nan
411,-nan
411.25,-nan
411.5,-nan
411.75,-nan
412,-nan
412.25,-nan
412.5,-nan
412.75,-nan
413,-nan
413.25,-nan
413.5,-nan
413.75,-nan
414,-nan
414.25,-nan
414.5,-nan
414.75,-nan
415,-nan
415.25,-nan
415.5,-nan
415.75,-nan
416,-nan
416.25,-nan
416.5,-nan
416.75,-nan
417,-nan
417.25,-nan
417.5,-nan
417.75,-nan
418,-nan
418.25,-nan
418.5,-nan
418.75,-nan
419,-nan
419.25,-nan
419.5,-nan
419.75,-nan
420,-nan
420.25,-nan
420.5,-nan
420.75,-nan
421,-nan
421.25,-nan
421.5,-nan
421.75,-nan
422,-nan
422.25,-nan
422.5,-nan
422.75,-nan
423,-nan
423.25,-nan
423.5,-nan
423.75,-nan
424,-nan
424.25,-nan
424.5,-nan
424.75,-nan
425,-nan
425.25,-nan
425.5,-nan
425.75,-nan
426,-nan
426.25,-nan
426.5,-nan
426.75,-nan
427,-nan
427.25,-nan
427.5,-nan
427.75,-nan
428,-nan
428.25,-nan
428.5,-nan
428.75,-nan
429,-nan
429.25,-nan
429.5,-nan
429.75,-nan
430,-nan
430.25,-nan
430.5,-nan
430.75,-nan
431,-nan
431.25,-nan
431.5,-nan
431.75,-nan
432,-nan
432.25,-nan
432.5,-nan
432.75,-nan
433,-nan
433.25,-nan
433.5,-nan
433.75,-nan
434,-nan
434.25,-nan
434.5,-nan
434.75,-nan
435,-nan
435.25,-nan
435.5,-nan
435.75,-nan
436,-nan
436.25,-nan
436.5,-nan
436.75,-nan
437,-nan
437.25,-nan
437.5,-nan
437.75,-nan
438,-nan
438.25,-nan
438.5,-nan
438.75,-nan
439,-nan
439.25,-nan
439.5,-nan
439.75,-nan
440,-nan
440.25,-nan
440.5,-nan
440.75,-nan
441,-nan
441.25,-nan
441.5,-nan
441.75,-nan
442,-nan
442.25,-nan
442.5,-nan
442.75,-nan
443,-nan
443.25,-nan
443.5,-nan
443.75,-nan
444,-nan
444.25,-nan
444.5,-nan
444.75,-nan
445,-nan
445.25,-nan
445.5,-nan
445.75,-nan
446,-nan
446.25,-nan
446.5,-nan
446.75,-nan
447,-nan
447.25,-nan
447.5,-nan
447.75,-nan
448,-nan
448.25,-nan
448.5,-nan
448.75,-nan
449,-nan
449.25,-nan
449.5,-nan
449.75,-nan
450,-nan
450.25,-nan
450.5,-nan
450.75,-nan
451,-nan
451.25,-nan
451.5,-nan
451.75,-nan
452,-nan
452.25,-nan
452.5,-nan
452.75,-nan
453,-nan
453.25,-nan
453.5,-nan
453.75,-nan
454,-nan
454.25,-nan
454.5,-nan
454.75,-nan
455,-nan
455.25,-nan
455.5,-nan
455.75,-nan
456,-nan
456.25,-nan
456.5,-nan
456.75,-nan
457,-nan
457.25,-nan
457.5,-nan
457.75,-nan
458,-nan
458.25,-nan
458.5,-nan
458.75,-nan
459,-nan
459.25,-nan
459.5,-nan
459.75,-nan
460,-nan
460.25,-nan
460.5,-nan
460.75,-nan
461,-nan
461.25,-nan
461.5,-nan
461.75,-nan
462,-nan
462.25,-nan
462.5,-nan
462.75,-nan
463,-nan
463.25,-nan
463.5,-nan
463.75,-nan
464,-nan
464.25,-nan
464.5,-nan
464.75,-nan
465,-nan
465.25,-nan
465.5,-nan
465.75,-nan
466,-nan
466.25,-nan
466.5,-nan
466.75,-nan
467,-nan
467.25,-nan
467.5,-nan
467.75,-nan
468,-nan
468.25,-nan
468.5,-nan
468.75,-nan
469,-nan
469.25,-nan
469.5,-nan
469.75,-nan
470,-nan
470.25,-nan
470.5,-nan
470.75,-nan
471,-nan
471.25,-nan
471.5,-nan
471.75,-nan
472,-nan
472.25,-nan
472.5,-nan
472.75,-nan
473,-nan
473.25,-nan
473.5,-nan
473.75,-nan
474,-nan
474.25,-nan
474.5,-nan
474.75,-nan
475,-nan
475.25,-nan
475.5,-nan
475.75,-nan
476,-nan
476.25,-nan
476.5,-nan
476.75,-nan
477,-nan
477.25,-nan
477.5,-nan
477.75,-nan
478,-nan
478.25,-nan
478.5,-nan
478.75,-nan
479,-nan
479.25,-nan
479.5,-nan
479.75,-nan
480,-nan
480.25,-nan
480.5,-nan
480.75,-nan
481,-nan
481.25,-nan
481.5,-nan
481.75,-nan
482,-nan
482.25,-nan
482.5,-nan
482.75,-nan
483,-nan
483.25,-nan
483.5,-nan
483.75,-nan
484,-nan
484.25,-nan
484.5,-nan
484.75,-nan
485,-nan
485.25,-nan
485.5,-nan
485.75,-nan
486,-nan
486.25,-nan
486.5,-nan
486.75,-nan
487,-nan
487.25,-nan
487.5,-nan
487.75,-nan
488,-nan
488.25,-nan
488.5,-nan
488.75,-nan
489,-nan
489.25,-nan
489.5,-nan
489.75,-nan
490,-nan
490.25,-nan
490.5,-nan
490.75,-nan
491,-nan
491.25,-nan
491.5,-nan
491.75,-nan
492,-nan
492.25,-nan
492.5,-nan
492.75,-nan
493,-nan
493.25,-nan
493.5,-nan
493.75,-nan
494,-nan
494.25,-nan
494.5,-nan
494.75,-nan
495,-nan
495.25,-nan
495.5,-nan
495.75,-nan
496,-nan
496.25,-nan
496.5,-nan
496.75,-nan
497,-nan
497.25,-nan
497.5,-nan
497.75,-nan
498,-nan
498.25,-nan
498.5,-nan
498.75,-nan
499,-nan
499.25,-nan
499.5,-nan
499.75,-nan
500,-nan
500.25,-nan
500.5,-nan
500.75,-nan
501,-nan
501.25,-nan
501.5,-nan
501.75,-nan
502,-nan
502.25,-nan
502.5,-nan
502.75,-nan
503,-nan
503.25,-nan
503.5,-nan
503.75,-nan
504,-nan
504.25,-nan
504.5,-nan
504.75,-nan
505,-nan
505.25,-nan
505.5,-nan
505.75,-nan
506,-nan
506.25,-nan
506.5,-nan
506.75,-nan
507,-nan
507.25,-nan
507.5,-nan
507.75,-nan
508,-nan
508.25,-nan
508.5,-nan
508.75,-nan
509,-nan
509.25,-nan
509.5,-nan
509.75,-nan
510,-nan
510.25,-nan
510.5,-nan
510.75,-nan
511,-nan
511.25,-nan
511.5,-nan
511.75,-nan
512,-nan
512.25,-nan
512.5,-nan
512.75,-nan
513,-nan
513.25,-nan
513.5,-nan
513.75,-nan
514,-nan
514.25,-nan
514.5,-nan
514.75,-nan
515,-nan
515.25,-nan
515.5,-nan
515.75,-nan
516,-nan
516.25,-nan
516.5,-nan
516.75,-nan
517,-nan
517.25,-nan
517.5,-nan
517.75,-nan
518,-nan
518.25,-nan
518.5,-nan
518.75,-nan
519,-nan
519.25,-nan
519.5,-nan
519.75,-nan
520,-nan
520.25,-nan
520.5,-nan
520.75,-nan
521,-nan
521.25,-nan
521.5,-nan
521.75,-nan
522,-nan
522.25,-nan
522.5,-nan
522.75,-nan
523,-nan
523.25,-nan
523.5,-nan
523.75,-nan
524,-nan
524.25,-nan
524.5,-nan
524.75,-nan
525,-nan
525.25,-nan
525.5,-nan
525.75,-nan
526,-nan
526.25,-nan
526.5,-nan
526.75,-nan
527,-nan
527.25,-nan
527.5,-nan
527.75,-nan
528,-nan
528.25,-nan
528.5,-nan
528.75,-nan
529,-nan
529.25,-nan
529.5,-nan
529.75,-nan
530,-nan
530.25,-nan
530.5,-nan
530.75,-nan
531,-nan
531.25,-nan
531.5,-nan
531.75,-nan
532,-nan
532.25,-nan
532.5,-nan
532.75,-nan
533,-nan
533.25,-nan
533.5,-nan
533.75,-nan
534,-nan
534.25,-nan
534.5,-nan
534.75,-nan
535,-nan
535.25,-nan
535.5,-nan
535.75,-nan
536,-nan
536.25,-nan
536.5,-nan
536.75,-nan
537,-nan
537.25,-nan
537.5,-nan
537.75,-nan
538,-nan
538.25,-nan
538.5,-nan
538.75,-nan
539,-nan
539.25,-nan
539.5,-nan
539.75,-nan
540,-nan
540.25,-nan
540.5,-nan
540.75,-nan
541,-nan
541.25,-nan
541.5,-nan
541.75,-nan
542,-nan
542.25,-nan
542.5,-nan
542.75,-nan
543,-nan
543.25,-nan
543.5,-nan
543.75,-nan
544,-nan
544.25,-nan
544.5,-nan
544.75,-nan
545,-nan
545.25,-nan
545.5,-nan
545.75,-nan
546,-nan
546.25,-nan
546.5,-nan
546.75,-nan
547,-nan
547.25,-nan
547.5,-nan
547.75,-nan
548,-nan
548.25,-nan
548.5,-nan
548.75,-nan
549,-nan
549.25,-nan
549.5,-nan
549.75,-nan
550,-nan
550.25,-nan
550.5,-nan
550.75,-nan
551,-nan
551.25,-nan
551.5,-nan
551.75,-nan
552,-nan
552.25,-nan
552.5,-nan
552.75,-nan
553,-nan
553.25,-nan
553.5,-nan
553.75,-nan
554,-nan
554.25,-nan
554.5,-nan
554.75,-nan
555,-nan
555.25,-nan
555.5,-nan
555.75,-nan
556,-nan
556.25,-nan
556.5,-nan
556.75,-nan
557,-nan
557.25,-nan
557.5,-nan
557.75,-nan
558,-nan
558.25,-nan
558.5,-nan
558.75,-nan
559,-nan
559.25,-nan
559.5,-nan
559.75,-nan
560,-nan
560.25,-nan
560.5,-nan
560.75,-nan
561,-nan
561.25,-nan
561.5,-nan
561.75,-nan
562,-nan
562.25,-nan
562.5,-nan
562.75,-nan
563,-nan
563.25,-nan
563.5,-nan
563.75,-nan
564,-nan
564.25,-nan
564.5,-nan
564.75,-nan
565,-nan
565.25,-nan
565.5,-nan
565.75,-nan
566,-nan
566.25,-nan
566.5,-nan
566.75,-nan
567,-nan
567.25,-nan
567.5,-nan
567.75,-nan
568,-nan
568.25,-nan
568.5,-nan
568.75,-nan
569,-nan
569.25,-nan
569.5,-nan
569.75,-nan
570,-nan
570.25,-nan
570.5,-nan
570.75,-nan
571,-nan
571.25,-nan
571.5,-nan
571.75,-nan
572,-nan
572.25,-nan
572.5,-nan
572.75,-nan
573,-nan
573.25,-nan
573.5,-nan
573.75,-nan
574,-nan
574.25,-nan
574.5,-nan
574.75,-nan
575,-nan
575.25,-nan
575.5,-nan
575.75,-nan
576,-nan
576.25,-nan
576.5,-nan
576.75,-nan
577,-nan
577.25,-nan
577.5,-nan
577.75,-nan
578,-nan
578.25,-nan
578.5,-nan
578.75,-nan
579,-nan
579.25,-nan
579.5,-nan
579.75,-nan
580,-nan
580.25,-nan
580.5,-nan
580.75,-nan
581,-nan
581.25,-nan
581.5,-nan
581.75,-nan
582,-nan
582.25,-nan
582.5,-nan
582.75,-nan
583,-nan
583.25,-nan
583.5,-nan
583.75,-nan
584,-nan
584.25,-nan
584.5,-nan
584.75,-nan
585,-nan
585.25,-nan
585.5,-nan
585.75,-nan
586,-nan
586.25,-nan
586.5,-nan
586.75,-nan
587,-nan
587.25,-nan
587.5,-nan
587.75,-nan
588,-nan
588.25,-nan
588.5,-nan
588.75,-nan
589,-nan
589.25,-nan
589.5,-nan
589.75,-nan
590,-nan
590.25,-nan
590.5,-nan
590.75,-nan
591,-nan
591.25,-nan
591.5,-nan
591.75,-nan
592,-nan
592.25,-nan
592.5,-nan
592.75,-nan
593,-nan
593.25,-nan
593.5,-nan
593.75,-nan
594,-nan
594.25,-nan
594.5,-nan
594.75,-nan
595,-nan
595.25,-nan
595.5,-nan
595.75,-nan
596,-nan
596.25,-nan
596.5,-nan
596.75,-nan
597,-nan
597.25,-nan
597.5,-nan
597.75,-nan
598,-nan
598.25,-nan
598.5,-nan
598.75,-nan
599,-nan
599.25,-nan
599.5,-nan
599.75,-nan
600,-nan
600.25,-nan
600.5,-nan
600.75,-nan
601,-nan
601.25,-nan
601.5,-nan
601.75,-nan
602,-nan
602.25,-nan
602.5,-nan
602.75,-nan
603,-nan
603.25,-nan
603.5,-nan
603.75,-nan
604,-nan
604.25,-nan
604.5,-nan
604.75,-nan
605,-nan
605.25,-nan
605.5,-nan
605.75,-nan
606,-nan
606.25,-nan
606.5,-nan
606.75,-nan
607,-nan
607.25,-nan
607.5,-nan
607.75,-nan
608,-nan
608.25,-nan
608.5,-nan
608.75,-nan
609,-nan
609.25,-nan
609.5,-nan
609.75,-nan
610,-nan
610.25,-nan
610.5,-nan
610.75,-nan
611,-nan
611.25,-nan
611.5,-nan
611.75,-nan
612,-nan
612.25,-nan
612.5,-nan
612.75,-nan
613,-nan
613.25,-nan
613.5,-nan
613.75,-nan
614,-nan
614.25,-nan
614.5,-nan
614.75,-nan
615,-nan
615.25,-nan
615.5,-nan
615.75,-nan
616,-nan
616.25,-nan
616.5,-nan
616.75,-nan
617,-nan
617.25,-nan
617.5,-nan
617.75,-nan
618,-nan
618.25,-nan
618.5,-nan
618.75,-nan
619,-nan
619.25,-nan
619.5,-nan
619.75,-nan
620,-nan
620.25,-nan
620.5,-nan
620.75,-nan
621,-nan
621.25,-nan
621.5,-nan
621.75,-nan
622,-nan
622.25,-nan
622.5,-nan
622.75,-nan
623,-nan
623.25,-nan
623.5,-nan
623.75,-nan
624,-nan
624.25,-nan
624.5,-nan
624.75,-nan
625,-nan
625.25,-nan
625.5,-nan
625.75,-nan
626,-nan
626.25,-nan
626.5,-nan
626.75,-nan
627,-nan
627.25,-nan
627.5,-nan
627.75,-nan
628,-nan
628.25,-nan
628.5,-nan
628.75,-nan
629,-nan
629.25,-nan
629.5,-nan
629.75,-nan
630,-nan
630.25,-nan
630.5,-nan
630.75,-nan
631,-nan
631.25,-nan
631.5,-nan
631.75,-nan
632,-nan
632.25,-nan
632.5,-nan
632.75,-nan
633,-nan
633.25,-nan
633.5,-nan
633.75,-nan
634,-nan
634.25,-nan
634.5,-nan
634.75,-nan
635,-nan
635.25,-nan
635.5,-nan
635.75,-nan
636,-nan
636.25,-nan
636.5,-nan
636.75,-nan
637,-nan
637.25,-nan
637.5,-nan
637.75,-nan
638,-nan
638.25,-nan
638.5,-nan
638.75,-nan
639,-nan
639.25,-nan
639.5,-nan
639.75,-nan
640,-nan
640.25,-nan
640.5,-nan
640.75,-nan
641,-nan
641.25,-nan
641.5,-nan
641.75,-nan
642,-nan
642.25,-nan
642.5,-nan
642.75,-nan
643,-nan
643.25,-nan
643.5,-nan
643.75,-nan
644,-nan
644.25,-nan
644.5,-nan
644.75,-nan
645,-nan
645.25,-nan
645.5,-nan
645.75,-nan
646,-nan
646.25,-nan
646.5,-nan
646.75,-nan
647,-nan
647.25,-nan
647.5,-nan
647.75,-nan
648,-nan
648.25,-nan
648.5,-nan
648.75,-nan
649,-nan
649.25,-nan
649.5,-nan
649.75,-nan
650,-nan
650.25,-nan
650.5,-nan
650.75,-nan
651,-nan
651.25,-nan
651.5,-nan
651.75,-nan
652,-nan
652.25,-nan
652.5,-nan
652.75,-nan
653,-nan
653.25,-nan
653.5,-nan
653.75,-nan
654,-nan
654.25,-nan
654.5,-nan
654.75,-nan
655,-nan
655.25,-nan
655.5,-nan
655.75,-nan
656,-nan
656.25,-nan
656.5,-nan
656.75,-nan
657,-nan
657.25,-nan
657.5,-nan
657.75,-nan
658,-nan
658.25,-nan
658.5,-nan
658.75,-nan
659,-nan
659.25,-nan
659.5,-nan
659.75,-nan
660,-nan
660.25,-nan
660.5,-nan
660.75,-nan
661,-nan
661.25,-nan
661.5,-nan
661.75,-nan
662,-nan
662.25,-nan
662.5,-nan
662.75,-nan
663,-nan
663.25,-nan
663.5,-nan
663.75,-nan
664,-nan
664.25,-nan
664.5,-nan
664.75,-nan
665,-nan
665.25,-nan
665.5,-nan
665.75,-nan
666,-nan
666.25,-nan
666.5,-nan
666.75,-nan
667,-nan
667.25,-nan
667.5,-nan
667.75,-nan
668,-nan
668.25,-nan
668.5,-nan
668.75,-nan
669,-nan
669.25,-nan
669.5,-nan
669.75,-nan
670,-nan
670.25,-nan
670.5,-nan
670.75,-nan
671,-nan
671.25,-nan
671.5,-nan
671.75,-nan
672,-nan
672.25,-nan
672.5,-nan
672.75,-nan
673,-nan
673.25,-nan
673.5,-nan
673.75,-nan
674,-nan
674.25,-nan
674.5,-nan
674.75,-nan
675,-nan
675.25,-nan
675.5,-nan
675.75,-nan
676,-nan
676.25,-nan
676.5,-nan
676.75,-nan
677,-nan
677.25,-nan
677.5,-nan
677.75,-nan
678,-nan
678.25,-nan
678.5,-nan
678.75,-nan
679,-nan
679.25,-nan
679.5,-nan
679.75,-nan
680,-nan
680.25,-nan
680.5,-nan
680.75,-nan
681,-nan
681.25,-nan
681.5,-nan
681.75,-nan
682,-nan
682.25,-nan
682.5,-nan
682.75,-nan
683,-nan
683.25,-nan
683.5,-nan
683.75,-nan
684,-nan
684.25,-nan
684.5,-nan
684.75,-nan
685,-nan
685.25,-nan
685.5,-nan
685.75,-nan
686,-nan
686.25,-nan
686.5,-nan
686.75,-nan
687,-nan
687.25,-nan
687.5,-nan
687.75,-nan
688,-nan
688.25,-nan
688.5,-nan
688.75,-nan
689,-nan
689.25,-nan
689.5,-nan
689.75,-nan
690,-nan
690.25,-nan
690.5,-nan
690.75,-nan
691,-nan
691.25,-nan
691.5,-nan
691.75,-nan
692,-nan
692.25,-nan
692.5,-nan
692.75,-nan
693,-nan
693.25,-nan
693.5,-nan
693.75,-nan
694,-nan
694.25,-nan
694.5,-nan
694.75,-nan
695,-nan
695.25,-nan
695.5,-nan
695.75,-nan
696,-nan
696.25,-nan
696.5,-nan
696.75,-nan
697,-nan
697.25,-nan
697.5,-nan
697.75,-nan
698,-nan
698.25,-nan
698.5,-nan
698.75,-nan
699,-nan
699.25,-nan
699.5,-nan
699.75,-nan
